Title,Duration,Gross,Genres,Country,Rating,Budget,Year,IMDB
42,128,95001343,Biography|Drama|Sport,USA,PG-13,40000000,2013,7.5
1982,90,,Drama,USA,R,1000000,2013,7.1
#HorrorÂ ,101,,Drama|Horror|Mystery|Thriller,USA,Not Rated,1500000,2015,3.3
10 Cloverfield LaneÂ ,104,71897215,Drama|Horror|Mystery|Sci-Fi|Thriller,USA,PG-13,15000000,2016,7.3
10 Days in a MadhouseÂ ,111,14616,Drama,USA,R,12000000,2015,7.5
12 Years a SlaveÂ ,134,56667870,Biography|Drama|History,USA,R,20000000,2013,8.1
13 HoursÂ ,144,52822418,Action|Drama|Thriller|War,USA,R,50000000,2016,7.4
2 GunsÂ ,109,75573300,Action|Comedy|Crime|Drama|Thriller,USA,R,61000000,2013,6.7
20 Feet from StardomÂ ,91,4946250,Documentary|Music,USA,PG-13,1000000,2013,7.4
21 & OverÂ ,93,25675765,Comedy,USA,R,13000000,2013,5.9
22 Jump StreetÂ ,112,191616238,Action|Comedy|Crime,USA,R,50000000,2014,7.1
3 Days to KillÂ ,123,30688364,Action|Drama|Thriller,USA,PG-13,28000000,2014,6.2
30 Nights of Paranormal Activity with the Devil Inside the Girl with the Dragon TattooÂ ,80,,Comedy,USA,R,3000000,2013,2.6
300: Rise of an EmpireÂ ,102,106369117,Action|Drama|Fantasy|War,USA,R,110000000,2014,6.2
47 RoninÂ ,128,38297305,Action|Adventure|Drama|Fantasy,USA,PG-13,175000000,2013,6.3
8 DaysÂ ,90,,Drama|Thriller,USA,PG-13,2500000,2014,6.9
90 Minutes in HeavenÂ ,121,4700361,Drama,USA,PG-13,5000000,2015,4.6
A Beginner's Guide to SnuffÂ ,87,,Comedy|Horror|Thriller,USA,,,2016,8.7
A Fine StepÂ ,111,,Drama,USA,PG,1000000,2014,5.3
A Good Day to Die HardÂ ,101,67344392,Action|Thriller,USA,R,92000000,2013,5.3
A Haunted House 2Â ,86,17314483,Comedy|Fantasy,USA,R,4000000,2014,4.7
A Haunted HouseÂ ,86,40041683,Comedy|Fantasy,USA,R,2500000,2013,5.1
A Lego BrickumentaryÂ ,93,100240,Documentary,Denmark,G,1000000,2014,6.8
A Madea ChristmasÂ ,100,52528330,Comedy|Drama,USA,PG-13,25000000,2013,4.7
A Million Ways to Die in the WestÂ ,136,42615685,Comedy|Western,USA,R,40000000,2014,6.1
A Most Violent YearÂ ,125,5749134,Action|Crime|Drama|Thriller,USA,R,20000000,2014,7
A Most Wanted ManÂ ,122,17237244,Crime|Drama|Thriller,UK,R,15000000,2014,6.8
A Plague So PleasantÂ ,76,,Drama|Horror|Thriller,USA,,1400,2013,6.3
A Tale of Three CitiesÂ ,130,,Drama,China,,12000000,2015,6.2
A True StoryÂ ,96,,Comedy,USA,,45000,2013,5.5
A Walk Among the TombstonesÂ ,114,25977365,Crime|Drama|Mystery|Thriller,USA,R,28000000,2014,6.5
A Warrior's TailÂ ,85,,Adventure|Animation|Fantasy,Russia,,30000000,2015,4.1
AbandonedÂ ,86,,Drama,New Zealand,,,2015,6.3
ABCD (Any Body Can Dance)Â ,160,95236,Drama|Musical,India,Not Rated,,2013,6.4
About Last NightÂ ,100,48637684,Comedy|Romance,USA,R,12500000,2014,6.1
About TimeÂ ,123,15294553,Drama|Fantasy|Romance,UK,R,12000000,2013,7.8
Accidental LoveÂ ,100,,Comedy|Romance,USA,PG-13,26000000,2015,4
AddictedÂ ,106,17382982,Drama|Thriller,USA,R,5000000,2014,5.2
AdmissionÂ ,107,18004225,Comedy|Drama|Romance,USA,PG-13,13000000,2013,5.7
AdoreÂ ,112,317125,Drama|Romance,Australia,R,16000000,2013,6.2
AdulterersÂ ,91,,Crime|Drama|Thriller,USA,,750000,2015,4.9
After EarthÂ ,100,60522097,Action|Adventure|Sci-Fi,USA,PG-13,130000000,2013,4.9
Against the WildÂ ,90,,Adventure|Family,Canada,PG,2000000,2013,4.7
AirliftÂ ,130,,Action|Drama|History|Thriller|War,India,,4400000,2016,8.5
"Alexander and the Terrible, Horrible, No Good, Very Bad DayÂ ",81,66950483,Comedy|Family,USA,PG,28000000,2014,6.2
Alice Through the Looking GlassÂ ,113,76846624,Adventure|Family|Fantasy,USA,PG,170000000,2016,6.4
All Is BrightÂ ,107,4556,Comedy|Drama,USA,R,,2013,5.6
All Is LostÂ ,106,6262942,Action|Adventure|Drama,USA,PG-13,9000000,2013,6.9
AllegiantÂ ,120,66002193,Action|Adventure|Mystery|Sci-Fi|Thriller,USA,PG-13,110000000,2016,5.8
Alleluia! The Devil's CarnivalÂ ,97,,Horror|Musical,USA,,500000,2016,7.4
AloftÂ ,97,52961,Drama,Spain,R,8000000,2014,5.3
AlohaÂ ,105,20991497,Comedy|Drama|Romance,USA,PG-13,37000000,2015,5.4
AlohaÂ ,105,20991497,Comedy|Drama|Romance,USA,PG-13,37000000,2015,5.4
Along the RoadsideÂ ,108,,Comedy|Music|Romance,USA,,250000,2013,7.1
Alpha and Omega 4: The Legend of the Saw Toothed CaveÂ ,45,,Action|Adventure|Animation|Comedy|Drama|Family|Fantasy|Thriller,USA,,7000000,2014,6
Alvin and the Chipmunks: The Road ChipÂ ,92,85884815,Adventure|Animation|Comedy|Family|Fantasy|Music,USA,PG,90000000,2015,5
Always WoodstockÂ ,97,,Comedy|Music|Romance,USA,,2400000,2014,5.3
America Is Still the PlaceÂ ,90,,History,USA,,,2015,7.5
American HeistÂ ,94,,Action|Crime|Drama|Thriller,Canada,R,10000000,2014,5.2
American HeroÂ ,86,,Action|Comedy|Drama|Sci-Fi,USA,,990000,2015,4.9
American HustleÂ ,138,150117807,Crime|Drama,USA,R,40000000,2013,7.3
American SniperÂ ,133,350123553,Action|Biography|Drama|History|Thriller|War,USA,R,58800000,2014,7.3
Amidst the Devil's WingsÂ ,90,,Action|Crime|Drama,USA,,300000,2014,4.3
AmnesiacÂ ,90,,Drama|Horror|Mystery|Thriller,USA,,3000000,2014,4.3
An American in HollywoodÂ ,89,,Drama,USA,R,125000,2014,7.2
Anchorman 2: The Legend ContinuesÂ ,143,2175312,Comedy,USA,PG-13,50000000,2013,6.3
And So It GoesÂ ,94,15155772,Comedy|Drama|Romance,USA,PG-13,18000000,2014,5.7
Animal Kingdom: Let's go ApeÂ ,101,,Adventure|Animation|Comedy|Family,France,,,2015,4.9
AnimalsÂ ,90,,Drama,USA,,,2014,6.2
AnnabelleÂ ,99,84263837,Horror|Mystery,USA,R,6500000,2014,5.4
AnnieÂ ,118,85911262,Comedy|Drama|Family|Musical,USA,PG,65000000,2014,5.2
AnomalisaÂ ,90,3442820,Animation|Comedy|Drama|Romance,USA,R,8000000,2015,7.3
Antarctic Edge: 70Â° SouthÂ ,72,4914,Adventure|Documentary,USA,,150000,2015,7
Antarctica: A Year on IceÂ ,91,287761,Adventure|Biography|Documentary|Drama,New Zealand,PG,1000000,2013,7.6
AntibirthÂ ,94,,Horror,USA,,3500000,2016,6.3
Ant-ManÂ ,117,180191634,Action|Adventure|Comedy|Sci-Fi,USA,PG-13,130000000,2015,7.4
Area 51Â ,91,,Horror|Sci-Fi|Thriller,USA,R,5000000,2015,4.2
ArousedÂ ,66,,Documentary,USA,,150000,2013,5.3
"As Above, So BelowÂ ",93,21197315,Horror|Mystery|Thriller,USA,R,5000000,2014,6.1
Ask Me AnythingÂ ,100,,Drama,USA,Not Rated,950000,2014,6
Atlas Shrugged: Who Is John Galt?Â ,99,830210,Drama|Mystery|Sci-Fi,USA,PG-13,5000000,2014,4.4
August: Osage CountyÂ ,121,37738400,Drama,USA,R,25000000,2013,7.3
AutomataÂ ,109,,Action|Sci-Fi|Thriller,Bulgaria,R,7000000,2014,6.1
Avengers: Age of UltronÂ ,141,458991599,Action|Adventure|Sci-Fi,USA,PG-13,250000000,2015,7.5
AWOL-72Â ,82,,Thriller,USA,R,3000000,2015,3.9
Baahubali: The BeginningÂ ,159,6498000,Action|Adventure|Drama|Fantasy|War,India,,18026148,2015,8.4
Bad GrandpaÂ ,102,101978840,Comedy,USA,R,15000000,2013,6.6
Bad MomsÂ ,100,55461307,Comedy,USA,R,20000000,2016,6.7
Bad MomsÂ ,100,55461307,Comedy,USA,R,20000000,2016,6.7
Bad WordsÂ ,89,7764027,Comedy|Drama,USA,R,10000000,2013,6.7
Baggage ClaimÂ ,96,21564616,Comedy,USA,PG-13,8500000,2013,5
Bang Bang BabyÂ ,90,,Drama|Musical|Sci-Fi,Canada,,1000000,2014,5.4
Banshee ChapterÂ ,87,,Horror|Thriller,Germany,R,950000,2013,5.5
BarbecueÂ ,98,,Comedy,France,,,2014,6.1
BarfiÂ ,,,Comedy|Romance,India,,,2013,7.1
Batman v Superman: Dawn of JusticeÂ ,183,330249062,Action|Adventure|Sci-Fi,USA,PG-13,250000000,2016,6.9
"Batman: The Dark Knight Returns, Part 2Â ",148,,Action|Animation|Crime|Sci-Fi|Thriller,USA,PG-13,3500000,2013,8.4
Battle of the YearÂ ,110,8888355,Drama|Music,USA,PG-13,20000000,2013,5
Beautiful CreaturesÂ ,124,19445217,Drama|Fantasy|Romance,USA,PG-13,60000000,2013,6.2
Before I Go to SleepÂ ,92,2963012,Drama|Mystery|Thriller,UK,R,22000000,2014,6.3
Before MidnightÂ ,109,8114507,Drama|Romance,USA,R,3000000,2013,7.9
Begin AgainÂ ,104,16168741,Drama|Music,USA,R,8000000,2013,7.4
Bending SteelÂ ,92,,Documentary,USA,,50000,2013,7.9
Ben-HurÂ ,141,,Adventure|Drama|History,USA,PG-13,,2016,6.1
Ben-HurÂ ,141,,Adventure|Drama|History,USA,PG-13,100000000,2016,6.1
Ben-HurÂ ,141,,Adventure|Drama|History,USA,PG-13,100000000,2016,6
Beyond the LightsÂ ,116,14612840,Drama|Music,USA,PG-13,7000000,2014,6.9
Big EyesÂ ,106,14479776,Biography|Crime|Drama|Romance,USA,PG-13,10000000,2014,7
Big Hero 6Â ,102,222487711,Action|Adventure|Animation|Comedy|Drama|Family|Sci-Fi,USA,PG,165000000,2014,7.9
Birdman or (The Unexpected Virtue of Ignorance)Â ,119,42335698,Comedy|Drama|Romance,USA,R,18000000,2014,7.8
BizarreÂ ,98,,Drama|Musical|Romance,France,Unrated,500000,2015,4.3
Black MassÂ ,123,62563543,Biography|Crime|Drama,USA,R,53000000,2015,7
Black NativityÂ ,93,7017178,Drama|Family|Music|Musical,USA,PG,17500000,2013,4.4
Black or WhiteÂ ,121,21569041,Drama,USA,PG-13,9000000,2014,6.6
BlackhatÂ ,133,7097125,Action|Crime|Drama|Mystery|Thriller,USA,R,70000000,2015,5.4
Bleeding HeartsÂ ,100,,Horror,USA,,1200000,2015,4.2
BlendedÂ ,117,46280507,Comedy|Romance,USA,PG-13,40000000,2014,6.5
Blood TiesÂ ,144,41229,Crime|Drama|Thriller,France,R,25500000,2013,6.5
Blue JasmineÂ ,98,33404871,Drama,USA,PG-13,18000000,2013,7.3
Blue RuinÂ ,90,258113,Crime|Drama|Thriller,USA,R,1066167,2013,7.1
Born of WarÂ ,109,,Action|Drama|Thriller|War,UK,R,5000000,2014,4.4
Born to Fly: Elizabeth Streb vs. GravityÂ ,82,21199,Action|Biography|Documentary|Sport,USA,,500000,2014,6.8
BoyhoodÂ ,165,25359200,Drama,USA,R,4000000,2014,8
Brick MansionsÂ ,100,20285518,Action|Crime|Drama|Thriller,France,PG-13,28000000,2014,5.7
Bridge of SpiesÂ ,142,72306065,Drama|History|Thriller,USA,PG-13,40000000,2015,7.6
Broken CityÂ ,109,19692608,Crime|Drama|Thriller,USA,R,35000000,2013,6.2
Broken HorsesÂ ,101,,Action|Crime|Drama|Mystery|Thriller,USA,R,15000000,2015,5.7
BrooklynÂ ,111,38317535,Drama|Romance,UK,PG-13,11000000,2015,7.5
Brotherly LoveÂ ,89,444044,Drama,USA,R,1900000,2015,7.2
"Buen DÃ­a, RamÃ³nÂ ",120,100412,Drama,Mexico,PG-13,4000000,2013,7.7
BurntÂ ,101,13650738,Comedy|Drama,USA,R,20000000,2015,6.6
Butterfly GirlÂ ,78,,Documentary,USA,,180000,2014,8.7
By the SeaÂ ,122,531009,Drama|Romance,USA,R,10000000,2015,5.3
Cabin FeverÂ ,99,,Horror,USA,Not Rated,,2016,3.7
Captain America: Civil WarÂ ,147,407197282,Action|Adventure|Sci-Fi,USA,PG-13,250000000,2016,8.2
Captain America: The Winter SoldierÂ ,136,259746958,Action|Adventure|Sci-Fi,USA,PG-13,170000000,2014,7.8
Captain PhillipsÂ ,134,107100855,Biography|Drama|Thriller,USA,PG-13,55000000,2013,7.9
CaptiveÂ ,97,2557668,Crime|Drama|Thriller,USA,PG-13,2000000,2015,5.3
CarrieÂ ,100,35266619,Drama|Fantasy|Horror,USA,R,30000000,2013,5.9
CarrieÂ ,100,35266619,Drama|Fantasy|Horror,USA,R,30000000,2013,5.9
Censored VoicesÂ ,84,34151,Documentary|History,Israel,,450000,2015,7.2
Central IntelligenceÂ ,107,126088877,Action|Comedy|Crime,USA,PG-13,50000000,2016,6.6
Chain of CommandÂ ,88,,Action|Thriller,USA,R,5000000,2015,3.5
ChappieÂ ,120,31569268,Action|Crime|Drama|Sci-Fi|Thriller,USA,R,49000000,2015,6.9
Cheap ThrillsÂ ,88,59379,Comedy|Crime|Drama|Horror|Thriller,USA,Not Rated,200000,2013,6.8
CheckmateÂ ,97,,Action|Crime|Thriller,USA,,1500000,2015,3.1
Chiamatemi Francesco - Il Papa della genteÂ ,98,,Biography,Italy,,15000000,2015,5.7
Child 44Â ,137,1206135,Crime|Drama|Thriller,Czech Republic,R,50000000,2015,6.4
Christmas EveÂ ,95,,Comedy,USA,PG,,2015,5.1
"Cinco de Mayo, La BatallaÂ ",125,169379,Drama|History|War,Mexico,R,10000000,2013,6.2
CinderellaÂ ,105,201148159,Drama|Family|Fantasy|Romance,USA,PG,95000000,2015,7
CinderellaÂ ,105,201148159,Drama|Family|Fantasy|Romance,USA,PG,95000000,2015,7
CircleÂ ,87,,Drama|Horror|Mystery|Sci-Fi|Thriller,USA,Not Rated,,2015,6
Close RangeÂ ,80,,Action|Crime,USA,,3000000,2015,4.9
Closer to the MoonÂ ,112,,Comedy|Drama,Romania,Not Rated,5000000,2014,7.1
Cloudy with a Chance of Meatballs 2Â ,95,119793567,Animation|Comedy|Family|Fantasy|Sci-Fi,USA,PG,78000000,2013,6.5
Code of HonorÂ ,106,,Action,USA,R,8000000,2016,4.2
Coffee TownÂ ,87,,Comedy,USA,,2000000,2013,6.6
Coming HomeÂ ,109,377420,Drama,China,PG-13,,2014,7.3
CompadresÂ ,101,3105269,Action|Comedy,Mexico,R,3000000,2016,5
ConcussionÂ ,123,34531832,Biography|Drama|Sport,UK,PG-13,35000000,2015,7.1
ContainmentÂ ,77,,Horror|Sci-Fi|Thriller,UK,,,2015,4.8
CountingÂ ,111,,Documentary,USA,,50000,2015,6
CourageÂ ,118,2246000,Biography|Drama|Sport,USA,PG,20000000,2015,7
Creative ControlÂ ,97,62480,Drama|Sci-Fi,USA,R,1000000,2015,5.5
CreedÂ ,133,109712885,Drama|Sport,USA,PG-13,35000000,2015,7.7
Criminal ActivitiesÂ ,94,,Crime|Drama|Thriller,USA,,7000000,2015,5.8
CriminalÂ ,113,14268533,Action|Crime|Drama|Mystery|Sci-Fi|Thriller,UK,R,31500000,2016,6.3
Da Sweet Blood of JesusÂ ,123,,Comedy|Romance|Thriller,USA,,1420000,2014,4.1
Daddy's HomeÂ ,96,150315155,Comedy|Family,USA,PG-13,50000000,2015,6.1
Dallas Buyers ClubÂ ,117,27296514,Biography|Drama,USA,R,5000000,2013,8
Dancin' It's OnÂ ,89,,Family|Musical,USA,PG,12000000,2015,2.8
Danny CollinsÂ ,106,5348317,Comedy|Drama|Music,USA,R,10000000,2015,7.1
Dawn of the Crescent MoonÂ ,95,,Drama|Sci-Fi|Thriller,USA,,75000,2014,5
Dawn of the Planet of the ApesÂ ,130,208543795,Action|Adventure|Drama|Sci-Fi,USA,PG-13,170000000,2014,7.6
Dawn PatrolÂ ,88,,Drama|Thriller,,,3500000,2014,4.8
Dead Man DownÂ ,118,10880926,Action|Crime|Drama|Thriller,USA,R,30000000,2013,6.5
DeadpoolÂ ,108,363024263,Action|Adventure|Comedy|Romance|Sci-Fi,USA,R,58000000,2016,8.1
Deliver Us from EvilÂ ,118,30523568,Horror|Mystery|Thriller,USA,R,30000000,2014,6.2
Delivery ManÂ ,105,30659817,Comedy|Drama,USA,PG-13,26000000,2013,6.4
DemonicÂ ,83,,Horror|Thriller,USA,R,3000000,2015,5.3
DepartureÂ ,109,,Drama|Family|Romance,UK,,1100000,2015,7
Desert DancerÂ ,104,143653,Biography|Drama,UK,PG-13,4000000,2014,6
Despicable Me 2Â ,98,368049635,Animation|Comedy|Family|Sci-Fi,USA,PG,76000000,2013,7.5
DestinyÂ ,,,Action|Adventure|Fantasy|Sci-Fi,USA,,,2014,8.1
Devil's DueÂ ,89,15818967,Horror|Mystery,USA,R,7000000,2014,4
Diamond RuffÂ ,82,,Action,USA,R,500000,2015,4.3
Dirty GrandpaÂ ,109,35537564,Comedy,USA,R,11500000,2016,6
DivergentÂ ,139,150832203,Adventure|Mystery|Sci-Fi,USA,PG-13,85000000,2014,6.7
Do You Believe?Â ,120,12985267,Drama,USA,PG-13,2300000,2015,5.9
Doc Holliday's RevengeÂ ,84,,Western,USA,PG-13,1000000,2014,3.8
Dolphin Tale 2Â ,107,42019483,Drama|Family,USA,PG,36000000,2014,6.4
Dom HemingwayÂ ,93,518134,Comedy|Crime|Drama,UK,R,,2013,6.2
Don JonÂ ,90,24475193,Comedy|Drama|Romance,USA,R,3000000,2013,6.6
DopeÂ ,103,17474107,Comedy|Crime|Drama,USA,R,7000000,2015,7.3
Dracula UntoldÂ ,92,55942830,Action|Drama|Fantasy|Horror|War,USA,PG-13,70000000,2014,6.3
Draft DayÂ ,110,28831145,Drama|Sport,USA,R,25000000,2014,6.8
Dragon BladeÂ ,103,72413,Action|Adventure|Drama|History,China,R,65000000,2015,6.1
Dragon Nest: Warriors' DawnÂ ,88,,Adventure|Animation|Family|Fantasy,China,,40000000,2014,6.4
Drinking BuddiesÂ ,90,342936,Comedy|Drama|Romance,USA,R,,2013,6.1
Drive HardÂ ,92,,Action|Comedy|Crime,Canada,Not Rated,12000000,2014,4.3
Dry SpellÂ ,90,,Comedy|Romance,USA,,22000,2013,3.3
"Dude, Where's My Dog?!Â ",82,,Family,USA,PG,20000,2014,3.2
Dumb and Dumber ToÂ ,109,86208010,Comedy,USA,PG-13,35000000,2014,5.7
Dutch KillsÂ ,90,,Crime|Drama|Thriller,USA,,25000,2015,4.8
Dwegons and LeprechaunsÂ ,98,,Animation,USA,PG,20000000,2014,4.8
Dying of the LightÂ ,94,,Drama|Thriller,Bahamas,R,5000000,2014,4.4
Earth to EchoÂ ,91,38916903,Adventure|Family|Sci-Fi,USA,PG,13000000,2014,5.8
Echo Dr.Â ,81,,Action|Drama|Sci-Fi|Thriller,USA,,100000,2013,3.6
Eddie the EagleÂ ,106,15785632,Biography|Comedy|Drama|Sport,UK,PG-13,23000000,2016,7.5
Eddie the EagleÂ ,106,15785632,Biography|Comedy|Drama|Sport,UK,PG-13,23000000,2016,7.5
EdenÂ ,90,,Drama|Thriller,Spain,R,,2015,4.8
Edge of TomorrowÂ ,113,100189501,Action|Adventure|Sci-Fi,USA,PG-13,178000000,2014,7.9
Elsa & FredÂ ,97,,Comedy|Drama|Romance,USA,PG-13,10000000,2014,6.5
ElysiumÂ ,109,93050117,Action|Drama|Sci-Fi|Thriller,USA,R,115000000,2013,6.6
Ender's GameÂ ,114,61656849,Action|Sci-Fi,USA,PG-13,110000000,2013,6.7
Endless LoveÂ ,104,23393765,Drama|Romance,USA,PG-13,20000000,2014,6.3
Enough SaidÂ ,93,17536788,Comedy|Drama|Romance,USA,PG-13,8000000,2013,7.1
Enter the Dangerous MindÂ ,88,,Thriller,USA,,800000,2013,5.2
EpicÂ ,102,107515297,Adventure|Animation|Family|Fantasy,USA,PG,100000000,2013,6.7
Escape from Planet EarthÂ ,89,57011847,Adventure|Animation|Comedy|Family|Sci-Fi,USA,PG,40000000,2013,5.9
Escape from TomorrowÂ ,90,169719,Fantasy|Horror,USA,Not Rated,,2013,5.2
Escape PlanÂ ,115,25121291,Action|Crime|Mystery|Sci-Fi|Thriller,USA,R,50000000,2013,6.7
Escobar: Paradise LostÂ ,120,106869,Crime|Drama|Romance|Thriller,France,R,17000000,2014,6.6
EverestÂ ,121,43247140,Adventure|Biography|Drama|History|Sport|Thriller,UK,PG-13,55000000,2015,7.1
Evil DeadÂ ,96,54239856,Horror,USA,R,17000000,2013,6.5
EvolutionÂ ,81,,Drama|Horror|Mystery|Sci-Fi,France,,,2015,6.4
Ex MachinaÂ ,108,25440971,Drama|Mystery|Sci-Fi|Thriller,UK,R,15000000,2015,7.7
ExeterÂ ,91,,Horror|Mystery|Thriller,USA,R,,2015,4.6
Exodus: Gods and KingsÂ ,150,65007045,Action|Adventure|Drama,UK,PG-13,140000000,2014,6.1
Exodus: Gods and KingsÂ ,150,65007045,Action|Adventure|Drama,UK,PG-13,140000000,2014,6.1
Faith ConnectionsÂ ,115,,Biography|Documentary|Drama,India,,550000,2013,7
Falcon RisingÂ ,103,8691,Action|Adventure,USA,R,4500000,2014,5.8
Fantastic FourÂ ,100,56114221,Action|Adventure|Sci-Fi,USA,PG-13,120000000,2015,4.3
Fantastic FourÂ ,100,56114221,Action|Adventure|Sci-Fi,USA,PG-13,120000000,2015,4.3
Far from MenÂ ,101,,Drama|War|Western,France,,7700000,2014,7.3
Fear ClinicÂ ,95,,Horror,USA,R,1000000,2015,5.2
Fifty Shades of BlackÂ ,92,11675178,Comedy,USA,R,5000000,2016,3.5
Fifty Shades of GreyÂ ,129,166147885,Drama|Romance,USA,R,40000000,2015,4.1
Fight to the FinishÂ ,94,,Action|Romance|Sport,USA,PG-13,150000,2016,4
Fight ValleyÂ ,90,,Action|Drama,USA,,27000000,2016,5
FirestormÂ ,118,,Action|Crime|Thriller,China,,,2013,6.2
Florence Foster JenkinsÂ ,110,,Biography|Comedy|Drama|Music|Romance,UK,PG-13,29000000,2016,7.1
FocusÂ ,105,53846915,Comedy|Crime|Drama|Romance,USA,R,50100000,2015,6.6
Food ChainsÂ ,83,,Documentary|News,USA,,913000,2014,7.1
ForsakenÂ ,90,,Drama|Western,Canada,R,11000000,2015,6.3
ForsakenÂ ,90,,Drama|Western,Canada,R,11000000,2015,6.3
Free BirdsÂ ,91,55747724,Adventure|Animation|Comedy|Family,USA,PG,55000000,2013,5.9
Free State of JonesÂ ,139,20389967,Action|Biography|Drama|History|War,USA,R,50000000,2016,6.7
FreedomÂ ,94,,Drama|Family|Music,USA,R,14500000,2014,6.2
FreeheldÂ ,103,532988,Biography|Drama|Romance,USA,PG-13,7000000,2015,6.5
FrozenÂ ,102,400736600,Adventure|Animation|Comedy|Family|Fantasy|Musical,USA,PG,150000000,2013,7.6
Fruitvale StationÂ ,85,16097842,Biography|Drama|Romance,USA,R,900000,2013,7.5
FuglyÂ ,134,,Drama|Thriller,India,,,2014,4.7
Furious 7Â ,140,350034110,Action|Crime|Thriller,USA,PG-13,190000000,2015,7.2
FuryÂ ,134,85707116,Action|Drama|War,USA,R,68000000,2014,7.6
Futuro BeachÂ ,106,20262,Drama,Brazil,Unrated,4000000,2014,6.1
G.I. Joe: RetaliationÂ ,122,122512052,Action|Adventure|Sci-Fi|Thriller,USA,PG-13,130000000,2013,5.8
Gangster SquadÂ ,113,45996718,Action|Crime|Drama|Thriller,USA,R,60000000,2013,6.7
Get HardÂ ,107,90353764,Comedy|Crime,USA,R,40000000,2015,6
Get on UpÂ ,139,30513940,Biography|Drama|Music,USA,PG-13,30000000,2014,6.9
GetawayÂ ,90,10494494,Action|Crime|Thriller,USA,PG-13,18000000,2013,4.4
GhostbustersÂ ,116,118099659,Action|Comedy|Fantasy|Sci-Fi,USA,PG-13,144000000,2016,5.5
GhostbustersÂ ,116,118099659,Action|Comedy|Fantasy|Sci-Fi,USA,PG-13,144000000,2016,5.5
Girl HouseÂ ,99,,Horror|Thriller,Canada,,3150000,2014,5.5
Give Me ShelterÂ ,90,,Documentary,USA,,250000,2014,8
Goddess of LoveÂ ,93,,Drama|Horror|Mystery|Thriller,USA,,,2015,5.4
God's Not Dead 2Â ,120,20773070,Drama,USA,PG,5000000,2016,3.4
Gods of EgyptÂ ,126,31141074,Action|Adventure|Fantasy,USA,PG-13,140000000,2016,5.5
Godzilla ResurgenceÂ ,120,,Action|Adventure|Drama|Horror|Sci-Fi,Japan,,,2016,8.2
Godzilla ResurgenceÂ ,120,,Action|Adventure|Drama|Horror|Sci-Fi,Japan,,,2016,8.2
Gone GirlÂ ,149,167735396,Crime|Drama|Mystery|Thriller,USA,R,61000000,2014,8.1
Good KillÂ ,102,316842,Drama|Thriller,USA,R,,2014,6.4
GoosebumpsÂ ,103,80021740,Adventure|Comedy|Family|Fantasy|Horror,USA,PG,58000000,2015,6.4
GoosebumpsÂ ,103,80021740,Adventure|Comedy|Family|Fantasy|Horror,USA,PG,58000000,2015,6.4
Grace of MonacoÂ ,103,,Biography|Drama|Romance,Switzerland,,30000000,2014,5.7
Grace UnpluggedÂ ,102,2507106,Drama|Music,USA,PG,,2013,6.1
GravityÂ ,91,274084951,Adventure|Drama|Sci-Fi|Thriller,UK,PG-13,100000000,2013,7.8
Green RoomÂ ,95,3219029,Crime|Horror|Music|Thriller,USA,R,5000000,2015,7.1
Green Street 3: Never Back DownÂ ,93,,Action|Drama,UK,R,,2013,5.4
Growing Up SmithÂ ,102,,Comedy|Drama|Family,USA,PG-13,2000000,2015,8.2
Grown Ups 2Â ,101,133668525,Comedy,USA,PG-13,80000000,2013,5.4
Grudge MatchÂ ,113,29802761,Comedy|Sport,USA,PG-13,40000000,2013,6.4
Guardians of the GalaxyÂ ,121,333130696,Action|Adventure|Sci-Fi,USA,PG-13,170000000,2014,8.1
H.Â ,93,,Drama|Sci-Fi|Thriller,USA,,,2014,6.3
"Hail, Caesar!Â ",106,29997095,Comedy|Mystery,UK,PG-13,22000000,2016,6.4
Hands of StoneÂ ,105,,Action|Biography|Drama|Sport,Panama,R,20000000,2016,7.2
Hansel & Gretel Get BakedÂ ,86,,Comedy|Horror,USA,,4500000,2013,4.3
Hansel & Gretel: Witch HuntersÂ ,98,55682070,Action|Fantasy|Horror,Germany,R,50000000,2013,6.1
Happy ChristmasÂ ,82,30084,Comedy|Drama,USA,R,70000,2014,5.6
Hard to Be a GodÂ ,177,,Drama|Sci-Fi,Russia,Not Rated,7000000,2013,6.7
Harlock: Space PirateÂ ,115,,Adventure|Animation|Sci-Fi,Japan,Not Rated,30000000,2013,6.5
Heaven Is for RealÂ ,99,91443253,Biography|Drama,USA,PG,12000000,2014,5.8
HeistÂ ,93,,Action|Crime|Thriller,USA,R,19000000,2015,6.1
HeistÂ ,93,,Action|Crime|Thriller,USA,R,19000000,2015,6.1
HeliÂ ,105,,Crime|Drama|Romance,Mexico,Not Rated,1000000,2013,6.8
Henry & MeÂ ,67,,Animation|Family,USA,PG,10000000,2014,6.7
Her Cry: La Llorona InvestigationÂ ,89,,Horror,USA,Not Rated,60000,2013,5.4
HerÂ ,126,25556065,Drama|Romance|Sci-Fi,USA,R,23000000,2013,8
HerculesÂ ,101,72660029,Action|Adventure,USA,PG-13,100000000,2014,6
HerculesÂ ,101,72660029,Action|Adventure,USA,PG-13,100000000,2014,6
Heroes of DirtÂ ,98,,Action|Drama|Sport,USA,PG-13,,2015,7.1
Hidden AwayÂ ,96,,Drama|Romance,Spain,Unrated,,2014,7.2
HitsÂ ,96,,Comedy|Drama,USA,,1000000,2014,5.8
Home RunÂ ,113,2859955,Drama|Sport,USA,PG-13,1200000,2013,6
HomeÂ ,94,177343675,Adventure|Animation|Comedy|Family|Fantasy|Sci-Fi,USA,PG,135000000,2015,6.7
HomeÂ ,94,177343675,Adventure|Animation|Comedy|Family|Fantasy|Sci-Fi,USA,PG,135000000,2015,6.7
HomeÂ ,94,177343675,Adventure|Animation|Comedy|Family|Fantasy|Sci-Fi,USA,PG,135000000,2015,6.7
HomefrontÂ ,100,19783777,Action|Crime|Drama|Thriller,USA,R,22000000,2013,6.5
Horrible Bosses 2Â ,116,54414716,Comedy|Crime,USA,R,42000000,2014,6.3
Horse CampÂ ,108,,Family,USA,PG,250000,2014,6.6
Hot PursuitÂ ,87,34507079,Action|Comedy|Crime,USA,PG-13,35000000,2015,5.1
Hot Tub Time Machine 2Â ,99,12282677,Comedy|Sci-Fi,USA,R,14000000,2015,5.1
Hotel Transylvania 2Â ,89,169692572,Animation|Comedy|Family|Fantasy,USA,PG,80000000,2015,6.7
House at the End of the DriveÂ ,91,,Horror|Thriller,USA,R,1400000,2014,6.9
HouseboundÂ ,107,,Comedy|Horror|Mystery,New Zealand,Not Rated,350000,2014,6.8
How to Be SingleÂ ,110,46813366,Comedy|Romance,USA,R,38000000,2016,6.1
How to Train Your Dragon 2Â ,102,176997107,Action|Adventure|Animation|Comedy|Family|Fantasy,USA,PG,145000000,2014,7.9
I Am WrathÂ ,92,,Action|Crime|Drama|Thriller,USA,R,18000000,2016,5.2
I OriginsÂ ,106,334658,Drama|Romance|Sci-Fi,USA,R,,2014,7.3
"I, FrankensteinÂ ",92,19059018,Action|Fantasy|Sci-Fi|Thriller,Australia,PG-13,65000000,2014,5.1
IdaÂ ,82,3826455,Drama,Poland,PG-13,,2013,7.4
Identity ThiefÂ ,120,134455175,Comedy|Crime,USA,R,35000000,2013,5.7
If I StayÂ ,107,50461335,Drama|Fantasy|Music|Romance,USA,PG-13,11000000,2014,6.8
In the Heart of the SeaÂ ,122,24985612,Action|Adventure|Biography|Drama|History|Thriller,USA,PG-13,100000000,2015,7
In the Name of the King: The Last JobÂ ,86,,Action|Adventure|Fantasy|Thriller,Canada,R,3500000,2014,3.3
Independence Day: ResurgenceÂ ,120,102315545,Action|Adventure|Sci-Fi,USA,PG-13,165000000,2016,5.5
Independence DaysasterÂ ,90,,Action|Sci-Fi,Canada,PG-13,1800000,2013,3.4
IndignationÂ ,110,560512,Drama,USA,R,,2016,7.8
Inherent ViceÂ ,148,8093318,Comedy|Crime|Drama|Mystery|Romance,USA,R,20000000,2014,6.7
Inside Llewyn DavisÂ ,104,13214255,Drama|Music,USA,R,11000000,2013,7.4
Inside OutÂ ,95,356454367,Adventure|Animation|Comedy|Drama|Family|Fantasy,USA,PG,175000000,2015,8.3
Insidious: Chapter 2Â ,106,83574831,Fantasy|Horror|Thriller,USA,PG-13,5000000,2013,6.6
Insidious: Chapter 3Â ,97,52200504,Fantasy|Horror|Thriller,Canada,PG-13,10000000,2015,6.1
Instructions Not IncludedÂ ,115,44456509,Comedy|Drama,Mexico,PG-13,5000000,2013,7.6
InsurgentÂ ,119,129995817,Adventure|Sci-Fi|Thriller,USA,PG-13,110000000,2015,6.3
InterstellarÂ ,169,187991439,Adventure|Drama|Sci-Fi,USA,PG-13,165000000,2014,8.6
Into the Grizzly MazeÂ ,94,,Action|Horror|Thriller,USA,R,10000000,2015,5.3
Into the StormÂ ,89,47553512,Action|Thriller,USA,PG-13,50000000,2014,5.8
Into the WoodsÂ ,125,127997349,Adventure|Comedy|Drama|Fantasy|Musical,USA,PG,50000000,2014,6
Ip Man 3Â ,105,2126511,Action|Biography|Drama|History,Hong Kong,PG-13,36000000,2015,7.2
Iron Man 3Â ,195,408992272,Action|Adventure|Sci-Fi,USA,PG-13,200000000,2013,7.2
IrreplaceableÂ ,102,,Comedy|Drama,France,,,2016,7.2
It FollowsÂ ,100,14673301,Horror|Mystery,USA,R,2000000,2014,6.9
Jack Ryan: Shadow RecruitÂ ,105,50549107,Action|Drama|Thriller,USA,PG-13,60000000,2014,6.2
Jack the Giant SlayerÂ ,114,65171860,Adventure|Fantasy,USA,PG-13,195000000,2013,6.3
Jane Got a GunÂ ,98,1512815,Action|Drama|Western,USA,R,25000000,2016,5.8
Jason BourneÂ ,123,108521835,Action|Thriller,UK,PG-13,120000000,2016,7.1
Jersey BoysÂ ,134,47034272,Biography|Drama|Music|Musical,USA,R,40000000,2014,6.9
JoeÂ ,117,371897,Drama,USA,R,4000000,2013,6.9
JoyÂ ,124,56443482,Biography|Comedy|Drama,USA,PG-13,60000000,2015,6.6
Julija in alfa RomeoÂ ,83,,Comedy,Slovenia,,500000,2015,6.4
Jungle ShuffleÂ ,85,,Adventure|Animation,South Korea,,10000000,2014,4.8
Jupiter AscendingÂ ,127,47375327,Action|Adventure|Sci-Fi,USA,PG-13,176000000,2015,5.4
Jurassic WorldÂ ,124,652177271,Action|Adventure|Sci-Fi|Thriller,USA,PG-13,150000000,2015,7
Karachi se LahoreÂ ,,,Comedy|Family,Pakistan,,1000000,2015,7
KeanuÂ ,100,20566327,Action|Comedy,USA,R,15000000,2016,6.4
Kevin Hart: Let Me ExplainÂ ,75,32230907,Comedy|Documentary,USA,R,2500000,2013,6.7
KhumbaÂ ,85,,Adventure|Animation|Family,South Africa,Not Rated,20000000,2013,5.8
Kick-Ass 2Â ,103,28751715,Action|Comedy|Crime,USA,R,28000000,2013,6.6
Kickboxer: VengeanceÂ ,90,,Action,USA,,17000000,2016,9.1
KicksÂ ,80,,Adventure,USA,R,,2016,7.8
Kill the MessengerÂ ,112,2445646,Biography|Crime|Drama|Mystery|Thriller,USA,R,5000000,2014,7
KrampusÂ ,98,42592530,Comedy|Fantasy|Horror,USA,PG-13,15000000,2015,6.2
Kung Fu KillerÂ ,100,129115,Action|Drama,China,,25000000,2014,6.5
Kung Fu Panda 3Â ,95,143523463,Action|Adventure|Animation|Comedy|Family,USA,PG,145000000,2016,7.2
La Famille BÃ©lierÂ ,106,,Comedy|Drama|Music,France,,11000000,2014,7.4
Labor DayÂ ,111,13362308,Drama,USA,PG-13,18000000,2013,6.9
Last VegasÂ ,105,63910583,Comedy|Romance,USA,PG-13,28000000,2013,6.6
Lee Daniels' The ButlerÂ ,132,116631310,Biography|Drama,USA,PG-13,30000000,2013,7.2
Left BehindÂ ,110,13998282,Action|Drama|Fantasy|Mystery|Thriller,USA,PG-13,16000000,2014,3.1
Left BehindÂ ,110,13998282,Action|Drama|Fantasy|Mystery|Thriller,USA,PG-13,16000000,2014,3.1
LegendÂ ,132,1865774,Biography|Crime|Drama|History|Thriller,UK,R,30000000,2015,7
Legends of Oz: Dorothy's ReturnÂ ,88,8460990,Adventure|Animation|Family|Fantasy|Musical,USA,PG,70000000,2013,5.6
Let's Be CopsÂ ,104,82389560,Comedy,USA,R,17000000,2014,6.5
Let's Kill Ward's WifeÂ ,82,,Comedy|Crime,USA,Unrated,5000000,2014,5.4
Light from the DarkroomÂ ,90,,Action|Drama|Thriller,USA,PG-13,600000,2014,8
Lights OutÂ ,81,56536016,Horror,USA,PG-13,4900000,2016,6.9
ListeningÂ ,100,,Drama|Sci-Fi|Thriller,Cambodia,,,2014,5.6
Little BoyÂ ,106,6420319,Drama|War,Mexico,PG-13,20000000,2015,7.4
Living Dark: The Story of Ted the CaverÂ ,112,,Horror,USA,PG-13,1750000,2013,6.3
Locker 13Â ,95,2468,Thriller,USA,R,300000,2014,4.8
London Has FallenÂ ,99,62401264,Action|Crime|Drama|Thriller,UK,R,60000000,2016,5.9
Lone SurvivorÂ ,121,125069696,Action|Biography|Drama|Thriller|War,USA,R,40000000,2013,7.6
Lords of LondonÂ ,90,,Crime|Mystery|Thriller,UK,R,3440000,2014,3.1
Love in the Time of MonstersÂ ,97,,Comedy|Horror,USA,,500000,2014,5.4
Love the CoopersÂ ,107,26284475,Comedy,USA,PG-13,17000000,2015,5.7
LucyÂ ,89,126546825,Action|Sci-Fi|Thriller,France,R,40000000,2014,6.4
Machete KillsÂ ,107,7268659,Action|Comedy|Crime|Thriller,Russia,R,20000000,2013,5.6
Mad Max: Fury RoadÂ ,120,153629485,Action|Adventure|Sci-Fi|Thriller,Australia,R,150000000,2015,8.1
MaggieÂ ,95,131175,Drama|Horror,USA,PG-13,8500000,2015,5.6
Magic Mike XXLÂ ,115,66009973,Comedy|Drama|Music,USA,R,14800000,2015,5.7
MaleficentÂ ,97,241407328,Action|Adventure|Family|Fantasy|Romance,USA,PG,180000000,2014,7
MamaÂ ,100,71588220,Fantasy|Horror,Canada,PG-13,20000000,2013,6.2
Man of SteelÂ ,143,291021565,Action|Adventure|Fantasy|Sci-Fi,USA,PG-13,225000000,2013,7.2
Mandela: Long Walk to FreedomÂ ,141,8324748,Biography|Drama|History,UK,PG-13,35000000,2013,7.1
MaxÂ ,111,42652003,Adventure|Family,USA,PG,20000000,2015,6.8
"McFarland, USAÂ ",129,44469602,Biography|Drama|Sport,USA,PG,17000000,2015,7.4
Me Before YouÂ ,110,56154094,Drama|Romance,UK,PG-13,20000000,2016,7.6
Me You and Five BucksÂ ,93,,Comedy|Drama|Romance,USA,,1500000,2015,7.6
Metallica Through the NeverÂ ,93,3419967,Music,USA,R,,2013,7.2
Mi AmericaÂ ,125,3330,Crime|Drama,USA,R,2100000,2015,7.2
Midnight SpecialÂ ,112,3707794,Adventure|Drama|Sci-Fi|Thriller,Greece,PG-13,18000000,2016,6.7
Million Dollar ArmÂ ,124,36447959,Biography|Drama|Sport,USA,PG,25000000,2014,7
MinionsÂ ,91,336029560,Action|Animation|Comedy|Family|Sci-Fi,USA,PG,74000000,2015,6.4
Miracles from HeavenÂ ,109,61693523,Drama,USA,PG,13000000,2016,6.8
MisconductÂ ,106,,Drama|Thriller,USA,R,11000000,2016,5.3
Miss JulieÂ ,129,,Drama|Romance,Norway,PG-13,5500000,2014,5.6
Mission: Impossible - Rogue NationÂ ,131,195000874,Action|Adventure|Thriller,China,PG-13,150000000,2015,7.4
Moms' Night OutÂ ,98,10429707,Comedy,USA,PG,5000000,2014,5.4
Money MonsterÂ ,98,41008532,Crime|Drama|Thriller,USA,R,27000000,2016,6.7
Monsters UniversityÂ ,104,268488329,Adventure|Animation|Comedy|Family|Fantasy,USA,G,200000000,2013,7.3
MortdecaiÂ ,107,7605668,Action|Comedy|Mystery|Romance,UK,R,60000000,2015,5.5
Movie 43Â ,94,8828771,Comedy,USA,R,6000000,2013,4.3
Mr. ChurchÂ ,104,,Drama,USA,PG-13,8000000,2016,8
Mr. Peabody & ShermanÂ ,92,111505642,Adventure|Animation|Comedy|Family|Sci-Fi,USA,PG,145000000,2014,6.9
Mr. TurnerÂ ,150,3958500,Biography|Drama|History,UK,R,8200000,2014,6.8
Muppets Most WantedÂ ,119,51178893,Adventure|Comedy|Crime|Family|Musical,USA,PG,50000000,2014,6.4
Mutant WorldÂ ,82,,Sci-Fi,Canada,,1500000,2014,2.8
Mutual FriendsÂ ,86,,Comedy|Romance,USA,,450000,2013,6.8
My Big Fat Greek Wedding 2Â ,94,59573085,Comedy|Family|Romance,USA,PG-13,18000000,2016,6.1
My Lucky StarÂ ,114,50000,Action|Adventure|Comedy|Romance,China,,,2013,5.1
Navy Seals vs. ZombiesÂ ,97,,Action|Horror,USA,,,2015,3.4
NebraskaÂ ,115,17613460,Adventure|Comedy|Drama,USA,R,12000000,2013,7.8
Need for SpeedÂ ,132,43568507,Action|Crime|Drama|Thriller,USA,PG-13,66000000,2014,6.5
Neighbors 2: Sorority RisingÂ ,92,55291815,Comedy,USA,R,35000000,2016,6
NeighborsÂ ,97,150056505,Comedy,USA,R,18000000,2014,6.4
NerveÂ ,96,28876924,Adventure|Crime|Mystery|Sci-Fi|Thriller,USA,PG-13,20000000,2016,7.1
Night at the Museum: Secret of the TombÂ ,98,113733726,Adventure|Comedy|Family|Fantasy,USA,PG,127000000,2014,6.2
NightcrawlerÂ ,117,32279955,Crime|Drama|Thriller,USA,R,8500000,2014,7.9
No EscapeÂ ,103,27285953,Action|Thriller,USA,R,5000000,2015,6.8
No Good DeedÂ ,84,52543632,Crime|Thriller,USA,PG-13,13200000,2014,5.6
NoahÂ ,138,101160529,Action|Adventure|Drama,USA,PG-13,125000000,2014,5.8
Non-StopÂ ,106,91439400,Action|Mystery|Thriller,UK,PG-13,50000000,2014,7
Not CoolÂ ,93,35688,Comedy,USA,Not Rated,600000,2014,5.1
Now You See Me 2Â ,129,64685359,Action|Adventure|Comedy|Crime|Mystery|Thriller,USA,PG-13,90000000,2016,6.9
Now You See MeÂ ,125,117698894,Crime|Mystery|Thriller,USA,PG-13,75000000,2013,7.3
Nurse 3DÂ ,84,,Horror|Thriller,USA,R,10000000,2013,4.6
OblivionÂ ,124,89021735,Action|Adventure|Mystery|Sci-Fi,USA,PG-13,120000000,2013,7
Obvious ChildÂ ,84,3122616,Comedy|Drama,USA,R,,2014,6.8
OculusÂ ,104,27689474,Horror|Mystery,USA,R,5000000,2013,6.5
Of Horses and MenÂ ,81,11835,Comedy|Drama|Romance,Iceland,,10000000,2013,6.9
Olympus Has FallenÂ ,119,98895417,Action|Thriller,USA,R,70000000,2013,6.5
Once Upon a Time in QueensÂ ,98,,Comedy|Drama,USA,R,1500000,2013,6.3
One Direction: This Is UsÂ ,106,28873374,Documentary|Music,USA,PG,10000000,2013,4.1
Only God ForgivesÂ ,90,778565,Crime|Drama,Denmark,R,4800000,2013,5.7
Open RoadÂ ,85,,Action|Drama|Thriller,Brazil,,3000000,2013,5.5
Operation ChromiteÂ ,115,31662,Action|Drama|History|War,South Korea,,12620000,2016,6.8
OuijaÂ ,89,50820940,Fantasy|Horror,USA,PG-13,5000000,2014,4.4
Our Brand Is CrisisÂ ,107,6998324,Comedy|Drama,USA,R,28000000,2015,6.1
Our Kind of TraitorÂ ,108,3108216,Thriller,UK,R,,2016,6.4
Out of InfernoÂ ,107,,Action,China,PG-13,,2013,5.7
Out of the DarkÂ ,92,,Horror|Thriller,USA,R,,2014,4.7
Out of the FurnaceÂ ,116,11326836,Crime|Drama|Thriller,USA,R,22000000,2013,6.8
Oz the Great and PowerfulÂ ,130,234903076,Adventure|Family|Fantasy,USA,PG,215000000,2013,6.4
Oz the Great and PowerfulÂ ,130,234903076,Adventure|Family|Fantasy,USA,PG,215000000,2013,6.4
Pacific RimÂ ,131,101785482,Action|Adventure|Sci-Fi,USA,PG-13,190000000,2013,7
PaddingtonÂ ,95,76137505,Animation|Comedy|Family|Fantasy,UK,PG,55000000,2014,7.2
Pain & GainÂ ,129,49874933,Comedy|Crime|Drama,USA,R,26000000,2013,6.5
Palo AltoÂ ,100,750100,Drama,USA,R,,2013,6.3
PanÂ ,111,34964818,Adventure|Family|Fantasy,USA,PG,150000000,2015,5.8
PanÂ ,111,34964818,Adventure|Family|Fantasy,USA,PG,150000000,2015,5.8
PanÂ ,111,34964818,Adventure|Family|Fantasy,USA,PG,150000000,2015,5.8
Paper TownsÂ ,109,31990064,Drama|Mystery|Romance,USA,PG-13,12000000,2015,6.4
Paranormal Activity: The Marked OnesÂ ,101,32453345,Fantasy|Horror|Thriller,USA,R,5000000,2014,5
ParkerÂ ,118,17609982,Action|Crime|Romance|Thriller,USA,R,35000000,2013,6.2
Paul Blart: Mall Cop 2Â ,94,71038190,Action|Comedy|Crime,USA,PG,30000000,2015,4.4
PeeplesÂ ,95,9123834,Comedy|Romance,USA,PG-13,15000000,2013,5.3
Penguins of MadagascarÂ ,92,83348920,Adventure|Animation|Comedy|Family,USA,PG,132000000,2014,6.7
Percy Jackson: Sea of MonstersÂ ,106,68558662,Adventure|Family|Fantasy,USA,PG,90000000,2013,5.9
Perfect CowboyÂ ,109,,Drama,USA,,200000,2014,7
Pete's DragonÂ ,102,,Adventure|Family|Fantasy,USA,PG,65000000,2016,7.3
PhilomenaÂ ,98,37707719,Biography|Drama,UK,PG-13,12000000,2013,7.6
Pitch Perfect 2Â ,115,183436380,Comedy|Music,USA,PG-13,29000000,2015,6.5
PixelsÂ ,106,78747585,Action|Animation|Comedy|Sci-Fi,USA,PG-13,88000000,2015,5.6
PlasticÂ ,102,,Action|Comedy|Crime|Drama,UK,R,10000000,2014,6
PlushÂ ,99,2843,Thriller,USA,R,,2013,5.4
Point BreakÂ ,114,28772222,Action|Crime|Sport|Thriller,USA,PG-13,105000000,2015,5.3
Point BreakÂ ,114,28772222,Action|Crime|Sport|Thriller,USA,PG-13,105000000,2015,5.3
PompeiiÂ ,105,23219748,Action|Adventure|Drama|History|Romance,Canada,PG-13,80000000,2014,5.6
Pound of FleshÂ ,104,,Action|Thriller,Canada,R,7500000,2015,5.1
Pride and Prejudice and ZombiesÂ ,108,10907291,Action|Horror|Romance,USA,PG-13,28000000,2016,5.8
PrisonersÂ ,153,60962878,Crime|Drama|Mystery|Thriller,USA,R,46000000,2013,8.1
Project AlmanacÂ ,106,22331028,Sci-Fi|Thriller,USA,PG-13,12000000,2015,6.4
Queen CrabÂ ,80,,Action|Sci-Fi|Thriller,USA,,75000,2015,4.5
Queen of the MountainsÂ ,135,,Action|Biography|Drama|History,Kyrgyzstan,PG-13,1400000,2014,8.7
R.I.P.D.Â ,96,33592415,Action|Comedy|Fantasy,USA,PG-13,130000000,2013,5.6
R.L. Stine's Monsterville: The Cabinet of SoulsÂ ,85,,Comedy,USA,PG,4400000,2015,5.9
R100Â ,99,22770,Comedy|Drama,Japan,Unrated,5500000,2013,6.1
RaceÂ ,134,19097994,Biography|Drama|Sport,Canada,PG-13,,2016,7.1
RamanujanÂ ,153,,Biography|Drama|History,India,,,2014,7
RED 2Â ,116,53215979,Action|Comedy|Crime|Thriller,USA,PG-13,84000000,2013,6.7
Red SkyÂ ,100,,Action|Thriller,USA,PG-13,25000000,2014,4.1
RegressionÂ ,106,54734,Crime|Drama|Mystery|Thriller,Spain,R,,2015,5.7
Re-KillÂ ,88,,Action|Horror,USA,R,9500000,2015,5.1
RestorationÂ ,92,,Horror,USA,,,2016,4
RiddickÂ ,127,41997790,Action|Sci-Fi|Thriller,USA,R,38000000,2013,6.4
Ride Along 2Â ,102,90835030,Action|Comedy,USA,PG-13,40000000,2016,5.9
Ride AlongÂ ,99,134141530,Action|Comedy|Crime|Romance,USA,PG-13,25000000,2014,6.2
Rio 2Â ,101,131536019,Adventure|Animation|Comedy|Family|Musical,USA,G,103000000,2014,6.4
Rise of the Entrepreneur: The Search for a Better WayÂ ,52,,Documentary,USA,G,450000,2014,8.2
RisenÂ ,107,36874745,Action|Adventure|Drama|Mystery,USA,PG-13,20000000,2016,6.3
Road HardÂ ,98,105943,Comedy,USA,,1500000,2015,6.1
RoadsideÂ ,81,,Drama|Horror|Mystery|Thriller,USA,,,2013,4.1
RoboCopÂ ,117,58607007,Action|Crime|Sci-Fi|Thriller,USA,PG-13,100000000,2014,6.2
RoboCopÂ ,117,58607007,Action|Crime|Sci-Fi|Thriller,USA,PG-13,100000000,2014,6.2
Rodeo GirlÂ ,108,,Family,USA,PG,500000,2016,5.7
Romantic SchemerÂ ,,,Romance,USA,PG-13,125000,2015,5.1
RoomÂ ,118,14677654,Drama,Ireland,R,13000000,2015,8.3
RosewaterÂ ,103,3093491,Biography|Drama,USA,R,5000000,2014,6.6
Rotor DR1Â ,98,,Family|Sci-Fi,USA,,350000,2015,3.4
RudderlessÂ ,105,37440,Comedy|Drama|Music,USA,R,5000000,2014,7.5
Run All NightÂ ,114,26442251,Action|Crime|Drama|Thriller,USA,R,50000000,2015,6.6
Runner RunnerÂ ,88,19316646,Crime|Thriller,USA,R,30000000,2013,5.6
Running ForeverÂ ,88,,Family,USA,,5000000,2015,8.6
RushÂ ,123,26903709,Action|Biography|Drama|Sport,UK,R,38000000,2013,8.1
SabotageÂ ,109,10499968,Action|Crime|Drama|Thriller,USA,R,35000000,2014,5.7
SabotageÂ ,109,10499968,Action|Crime|Drama|Thriller,USA,R,35000000,2014,5.7
Safe HavenÂ ,115,71346930,Drama|Romance|Thriller,USA,PG-13,28000000,2013,6.7
San AndreasÂ ,114,155181732,Action|Adventure|Drama|Thriller,USA,PG-13,110000000,2015,6.1
Sardaar JiÂ ,141,,Romance,Canada,,3000000,2015,6.6
Sausage PartyÂ ,89,,Adventure|Animation|Comedy|Fantasy,USA,R,19000000,2016,7.5
Saving Mr. BanksÂ ,125,83299761,Biography|Comedy|Drama|History|Music,USA,PG-13,35000000,2013,7.5
Scary Movie 5Â ,88,32014289,Comedy,USA,PG-13,20000000,2013,3.5
Secret in Their EyesÂ ,111,,Crime|Drama|Mystery|Thriller,USA,PG-13,19500000,2015,6.2
Self/lessÂ ,117,12276810,Action|Mystery|Sci-Fi|Thriller,USA,PG-13,26000000,2015,6.5
SelmaÂ ,128,52066000,Biography|Drama|History,UK,PG-13,20000000,2014,7.5
Seventh SonÂ ,102,17176900,Action|Adventure|Fantasy,USA,PG-13,95000000,2014,5.5
Sex TapeÂ ,94,38543473,Comedy,USA,R,40000000,2014,5.1
Shark LakeÂ ,92,,Thriller,USA,Not Rated,2000000,2015,3.4
SharknadoÂ ,97,,Horror,USA,TV-14,1000000,2013,3.3
SharkskinÂ ,100,,Comedy|Drama|Mystery|Romance|Thriller,USA,,2100000,2015,6.7
Shooting the WarwicksÂ ,95,,Comedy|Drama,USA,,250000,2015,6.2
SicarioÂ ,121,46875468,Action|Crime|Drama|Mystery|Thriller,USA,R,30000000,2015,7.6
Side EffectsÂ ,106,32154410,Crime|Drama|Thriller,USA,R,30000000,2013,7.1
Side EffectsÂ ,106,32154410,Crime|Drama|Thriller,USA,R,30000000,2013,7.1
Signed Sealed DeliveredÂ ,87,,Comedy|Drama,Canada,,,2013,7.7
Sin City: A Dame to Kill ForÂ ,102,13750556,Action|Crime|Thriller,USA,R,65000000,2014,6.5
Sinister 2Â ,97,27736779,Horror|Mystery|Thriller,USA,R,10000000,2015,5.2
Skin TradeÂ ,96,162,Action|Crime|Thriller,Thailand,R,9000000,2014,5.7
Slow WestÂ ,84,229094,Western,UK,R,,2015,6.9
SnitchÂ ,112,42919096,Action|Drama|Thriller,USA,PG-13,15000000,2013,6.5
SnitchÂ ,112,42919096,Action|Drama|Thriller,USA,PG-13,15000000,2013,6.5
SnowpiercerÂ ,126,4563029,Action|Drama|Sci-Fi|Thriller,South Korea,R,39200000,2013,7
SolitudeÂ ,89,,Comedy|Horror|Mystery|Thriller,USA,,,2014,6.8
Something WickedÂ ,95,,Drama|Horror|Mystery|Thriller,USA,R,3000000,2014,4.8
Son of GodÂ ,170,59696176,Biography|Drama|History,USA,PG-13,22000000,2014,5.6
Song OneÂ ,86,20200,Drama|Music,USA,PG-13,6000000,2014,5.8
SouthpawÂ ,124,52418902,Drama|Sport,USA,R,30000000,2015,7.5
SpectreÂ ,148,200074175,Action|Adventure|Thriller,UK,PG-13,245000000,2015,6.8
SpotlightÂ ,128,44988180,Biography|Crime|Drama|History,USA,R,20000000,2015,8.1
St. VincentÂ ,102,44134898,Comedy|Drama,USA,PG-13,13000000,2014,7.3
Star Trek BeyondÂ ,122,130468626,Action|Adventure|Sci-Fi|Thriller,USA,PG-13,185000000,2016,7.5
Star Trek Into DarknessÂ ,132,228756232,Action|Adventure|Sci-Fi,USA,PG-13,190000000,2013,7.8
Steve JobsÂ ,122,17750583,Biography|Drama,UK,R,30000000,2015,7.2
Still AliceÂ ,101,18656400,Drama,USA,PG-13,5000000,2014,7.5
StokerÂ ,99,1702277,Drama|Thriller,UK,R,12000000,2013,6.8
StonewallÂ ,129,186354,Drama,USA,R,13500000,2015,4.5
Stories of Our LivesÂ ,60,,Drama,Kenya,,15000,2014,7.4
Straight A'sÂ ,91,,Comedy|Drama,USA,R,2000000,2013,5.7
Straight Outta ComptonÂ ,167,161029270,Biography|Crime|Drama|History|Music,USA,R,28000000,2015,7.9
StrangerlandÂ ,112,,Drama|Mystery|Thriller,Australia,R,10000000,2015,5.2
StungÂ ,87,,Comedy|Horror,Germany,Not Rated,2500000,2015,5
SubconsciousÂ ,122,,Action|Mystery|Thriller,USA,R,,2015,2.2
Suicide SquadÂ ,123,161087183,Action|Adventure|Comedy|Sci-Fi,USA,PG-13,175000000,2016,6.9
SurvivorÂ ,96,,Action|Crime|Thriller,USA,PG-13,20000000,2015,5.6
SwelterÂ ,96,,Action|Crime|Drama|Thriller,USA,R,8000000,2014,4.6
Taken 3Â ,115,89253340,Action|Thriller,France,PG-13,48000000,2014,6
TammyÂ ,100,84518155,Comedy,USA,R,20000000,2014,4.9
Ted 2Â ,125,81257500,Comedy,USA,R,68000000,2015,6.4
Teenage Mutant Ninja Turtles: Out of the ShadowsÂ ,112,81638674,Action|Adventure|Comedy|Sci-Fi,USA,PG-13,135000000,2016,6.3
Teenage Mutant Ninja TurtlesÂ ,101,190871240,Action|Adventure|Comedy|Sci-Fi,USA,PG-13,125000000,2014,5.9
Teenage Mutant Ninja TurtlesÂ ,101,190871240,Action|Adventure|Comedy|Sci-Fi,USA,PG-13,125000000,2014,5.9
Teeth and BloodÂ ,96,,Horror,USA,,300000,2015,4.3
Terminator GenisysÂ ,126,89732035,Action|Adventure|Sci-Fi,USA,PG-13,155000000,2015,6.6
Texas Chainsaw 3DÂ ,92,34334256,Horror|Thriller,USA,R,11000000,2013,4.8
That Awkward MomentÂ ,94,26049082,Comedy|Romance,USA,R,8000000,2014,6.1
The 33Â ,127,12188642,Biography|Drama|History,Chile,PG-13,26000000,2015,6.9
The 5th WaveÂ ,112,34912982,Action|Adventure|Sci-Fi|Thriller,USA,PG-13,38000000,2016,5.2
The Adventurer: The Curse of the Midas BoxÂ ,100,4756,Adventure|Family|Fantasy,UK,PG,25000000,2013,5.4
The Age of AdalineÂ ,112,42478175,Drama|Fantasy|Romance,USA,PG-13,25000000,2015,7.2
The AlgerianÂ ,99,,Action|Romance|Thriller,USA,,1300000,2014,7.6
The Amazing CatfishÂ ,89,11278,Comedy|Drama,Mexico,,1300000,2013,7
The Amazing Spider-Man 2Â ,142,202853933,Action|Adventure|Fantasy|Sci-Fi,USA,PG-13,200000000,2014,6.7
The Angry Birds MovieÂ ,97,107225164,Action|Animation|Comedy|Family,USA,PG,73000000,2016,6.3
The AssassinÂ ,105,613556,Action|Drama,Taiwan,Not Rated,15000000,2015,6.4
The Best Man HolidayÂ ,123,70492685,Comedy|Drama,USA,R,17000000,2013,6.7
The Best of MeÂ ,118,26761283,Drama|Romance,USA,PG-13,26000000,2014,6.7
The Best OfferÂ ,131,85433,Crime|Drama|Mystery|Romance,Italy,R,13500000,2013,7.8
The BFGÂ ,117,52792307,Adventure|Family|Fantasy,UK,PG,140000000,2016,6.8
The Big ShortÂ ,130,70235322,Biography|Comedy|Drama|History,USA,R,28000000,2015,7.8
The Big WeddingÂ ,89,21784432,Comedy,USA,R,35000000,2013,5.6
The Birth of a NationÂ ,120,,Biography|Drama,USA,R,10000000,2016,5.4
The Blue RoomÂ ,76,231186,Crime|Romance|Thriller,France,R,,2014,6.3
The Book of LifeÂ ,95,50150619,Adventure|Animation|Comedy|Family|Fantasy|Romance,USA,PG,50000000,2014,7.3
The Book ThiefÂ ,131,21483154,Drama|War,USA,PG-13,19000000,2013,7.6
The BossÂ ,99,63034755,Comedy,USA,R,29000000,2016,5.3
The BoxtrollsÂ ,96,50807639,Adventure|Animation|Comedy|Family|Fantasy,USA,PG,60000000,2014,6.8
The Boy Next DoorÂ ,91,35385560,Mystery|Thriller,USA,R,4000000,2015,4.6
The BoyÂ ,97,35794166,Horror|Mystery|Thriller,USA,PG-13,10000000,2016,6
The Brain That SingsÂ ,62,,Documentary|Family,United Arab Emirates,,125000,2013,8.2
The CallÂ ,94,51872378,Crime|Thriller,USA,R,13000000,2013,6.7
The CallingÂ ,108,,Thriller,USA,R,,2014,5.8
The CallingÂ ,108,,Thriller,USA,R,,2014,5.8
The CanyonsÂ ,99,49494,Drama|Thriller,USA,R,250000,2013,3.9
The Christmas CandleÂ ,100,2209479,Drama|Family,UK,PG,,2013,5.8
The Conjuring 2Â ,134,102310175,Horror|Mystery|Thriller,USA,R,40000000,2016,7.8
The ConjuringÂ ,112,137387272,Horror|Mystery|Thriller,USA,R,20000000,2013,7.5
The CounselorÂ ,138,16969390,Crime|Drama|Thriller,USA,R,25000000,2013,5.3
The CroodsÂ ,98,187165546,Adventure|Animation|Comedy|Family|Fantasy,USA,PG,135000000,2013,7.3
The Curse of Downers GroveÂ ,89,,Drama|Horror|Mystery|Thriller,USA,,2000000,2015,4.5
The Diary of a Teenage GirlÂ ,102,1477002,Drama|Romance,USA,R,2000000,2015,6.9
The DirtiesÂ ,83,,Crime|Drama|Thriller,Canada,Not Rated,,2013,6.7
The Dog LoverÂ ,101,,Drama,USA,PG,2000000,2016,4.8
The DUFFÂ ,101,34017854,Comedy,USA,PG-13,8500000,2015,6.5
The EastÂ ,116,2268296,Drama|Thriller,UK,PG-13,6500000,2013,6.9
The EqualizerÂ ,132,101530738,Action|Crime|Thriller,USA,R,55000000,2014,7.2
The Expendables 3Â ,131,39292022,Action|Adventure|Thriller,USA,PG-13,90000000,2014,6.1
The Face of an AngelÂ ,101,,Drama,UK,Not Rated,,2014,4.7
The Fault in Our StarsÂ ,133,124868837,Drama|Romance,USA,PG-13,12000000,2014,7.8
The Fifth EstateÂ ,128,3254172,Biography|Drama|Thriller,USA,R,28000000,2013,6.2
The Finest HoursÂ ,117,27550735,Action|Drama|History|Thriller,USA,PG-13,,2016,6.8
The ForestÂ ,93,26583369,Horror|Mystery|Thriller,USA,PG-13,10000000,2016,4.8
The Frozen GroundÂ ,105,,Crime|Drama|Mystery|Thriller,USA,R,27220000,2013,6.4
The GallowsÂ ,81,22757819,Horror|Thriller,USA,R,100000,2015,4.2
The GamblerÂ ,111,33631221,Crime|Drama|Thriller,USA,R,25000000,2014,6
The GamblerÂ ,111,33631221,Crime|Drama|Thriller,USA,R,25000000,2014,6
The Geographer Drank His Globe AwayÂ ,120,,Adventure|Drama,Russia,,4000000,2013,7.5
The GiftÂ ,108,43771291,Mystery|Thriller,USA,R,5000000,2015,7.1
The GiftÂ ,108,43771291,Mystery|Thriller,USA,R,5000000,2015,7.1
The GiverÂ ,97,45089048,Drama|Romance|Sci-Fi,South Africa,PG-13,25000000,2014,6.5
The Good DinosaurÂ ,93,123070338,Adventure|Animation|Comedy|Family|Fantasy,USA,PG,,2015,6.8
The Grand Budapest HotelÂ ,99,59073773,Adventure|Comedy|Crime|Drama,USA,R,25000000,2014,8.1
The GrandmasterÂ ,122,6594136,Action|Biography|Drama,Hong Kong,PG-13,38600000,2013,6.5
The Great BeautyÂ ,172,2835886,Drama,Italy,Not Rated,9200000,2013,7.7
The Great GatsbyÂ ,143,144812796,Drama|Romance,Australia,PG-13,105000000,2013,7.3
The Great GatsbyÂ ,143,144812796,Drama|Romance,Australia,PG-13,105000000,2013,7.3
The Green InfernoÂ ,100,7186670,Adventure|Horror,USA,R,6000000,2013,5.4
The GunmanÂ ,115,10640645,Action|Crime|Drama|Mystery|Thriller,USA,R,40000000,2015,5.8
The Hadza: Last of the FirstÂ ,71,,Documentary,USA,,650000,2014,7.4
The Hateful EightÂ ,187,54116191,Crime|Drama|Mystery|Thriller|Western,USA,R,44000000,2015,7.9
The Haunting in Connecticut 2: Ghosts of GeorgiaÂ ,101,,Drama|Horror|Mystery|Thriller,USA,R,9000000,2013,5.3
The HeatÂ ,123,159578352,Action|Comedy|Crime,USA,R,43000000,2013,6.6
The Hobbit: The Battle of the Five ArmiesÂ ,164,255108370,Adventure|Fantasy,New Zealand,PG-13,250000000,2014,7.5
The Hobbit: The Desolation of SmaugÂ ,186,258355354,Adventure|Fantasy,USA,PG-13,225000000,2013,7.9
The HomesmanÂ ,122,2428883,Drama|Western,USA,R,16000000,2014,6.6
The Horror Network Vol. 1Â ,97,,Horror,USA,,3000000,2015,7.3
The HostÂ ,125,26616999,Action|Adventure|Romance|Sci-Fi|Thriller,USA,PG-13,40000000,2013,5.9
The Hundred-Foot JourneyÂ ,122,54235441,Comedy|Drama,USA,PG,22000000,2014,7.3
The Hunger Games: Catching FireÂ ,146,424645577,Adventure|Sci-Fi|Thriller,USA,PG-13,130000000,2013,7.6
The Hunger Games: Mockingjay - Part 1Â ,123,337103873,Adventure|Sci-Fi|Thriller,USA,PG-13,125000000,2014,6.7
The Hunger Games: Mockingjay - Part 2Â ,137,281666058,Adventure|Sci-Fi,USA,PG-13,160000000,2015,6.6
The Huntsman: Winter's WarÂ ,120,47952020,Action|Adventure|Drama|Fantasy,USA,PG-13,115000000,2016,6.1
The Image RevolutionÂ ,81,,Biography|Documentary,USA,,50000,2014,7.4
The Imitation GameÂ ,114,91121452,Biography|Drama|Thriller|War,UK,PG-13,14000000,2014,8.1
The ImmigrantÂ ,120,1984743,Drama|Romance,USA,R,16000000,2013,6.6
The Incredible Burt WonderstoneÂ ,100,22525921,Comedy,USA,PG-13,30000000,2013,5.9
The InfiltratorÂ ,127,14946229,Biography|Crime|Drama|Thriller,UK,R,25000000,2016,7.3
The InternÂ ,121,75274748,Comedy|Drama,USA,PG-13,35000000,2015,7.2
The InternshipÂ ,125,44665963,Comedy,USA,PG-13,58000000,2013,6.3
The InterviewÂ ,112,6105175,Comedy,USA,R,44000000,2014,6.6
The JudgeÂ ,141,47105085,Crime|Drama,USA,R,50000000,2014,7.4
The Jungle BookÂ ,106,362645141,Adventure|Drama|Family|Fantasy,UK,PG,175000000,2016,7.8
The Jungle BookÂ ,106,362645141,Adventure|Drama|Family|Fantasy,UK,PG,175000000,2016,7.8
The Knife of Don JuanÂ ,110,3830,Comedy|Drama,USA,,1200000,2013,7.2
The Last Days on MarsÂ ,98,23838,Horror|Sci-Fi|Thriller,UK,R,7000000,2013,5.5
The Last Exorcism Part IIÂ ,93,15152879,Drama|Horror|Thriller,France,PG-13,5000000,2013,4
The Last Five YearsÂ ,94,137945,Comedy|Drama|Musical|Romance,USA,PG-13,,2014,5.9
The Last StandÂ ,107,12026670,Action|Crime|Thriller,USA,R,45000000,2013,6.4
The Last Witch HunterÂ ,106,27356090,Action|Adventure|Fantasy,USA,PG-13,90000000,2015,6
The Lazarus EffectÂ ,83,25799043,Horror|Sci-Fi|Thriller,USA,PG-13,3300000,2015,5.2
The Legend of HerculesÂ ,99,18821279,Action|Adventure|Fantasy,USA,PG-13,70000000,2014,4.2
The Legend of TarzanÂ ,110,124051759,Action|Adventure|Drama|Romance,USA,PG-13,180000000,2016,6.6
The Legend of TarzanÂ ,110,124051759,Action|Adventure|Drama|Romance,USA,PG-13,180000000,2016,6.6
The Lego MovieÂ ,100,257756197,Action|Adventure|Animation|Comedy|Family|Fantasy,Australia,PG,60000000,2014,7.8
The Little Ponderosa ZooÂ ,84,,Family,USA,,500000,2016,5.2
The Little PrinceÂ ,108,1339152,Adventure|Animation|Drama|Family|Fantasy,France,PG,81200000,2015,7.8
The Lone RangerÂ ,150,89289910,Action|Adventure|Western,USA,PG-13,215000000,2013,6.5
The Longest RideÂ ,128,37432299,Drama|Romance,USA,PG-13,34000000,2015,7.1
The Looking GlassÂ ,110,1711,Drama|Music,USA,,,2015,6.6
The Lost Medallion: The Adventures of Billy StoneÂ ,97,549632,Adventure|Family|Fantasy,Thailand,PG,,2013,4.8
The LoversÂ ,109,,Action|Adventure|Romance|Sci-Fi,Belgium,R,,2015,4.5
The LoversÂ ,109,,Action|Adventure|Romance|Sci-Fi,Belgium,R,,2015,4.5
The LunchboxÂ ,104,4231500,Drama|Romance,India,PG,1000000,2013,7.8
The Maid's RoomÂ ,98,,Thriller,USA,,600000,2013,4.5
The Man from U.N.C.L.E.Â ,116,45434443,Action|Adventure|Comedy,USA,PG-13,75000000,2015,7.3
The Marine 4: Moving TargetÂ ,90,,Action|Thriller,USA,R,1950000,2015,5.2
The MartianÂ ,151,228430993,Adventure|Drama|Sci-Fi,USA,PG-13,108000000,2015,8.1
The Masked SaintÂ ,105,123777,Action|Biography|Crime|Drama|Family|Fantasy,Canada,PG-13,3500000,2016,4.7
The Maze RunnerÂ ,113,102413606,Action|Mystery|Sci-Fi|Thriller,USA,PG-13,34000000,2014,6.8
The Monuments MenÂ ,118,78031620,Drama|War,USA,PG-13,70000000,2014,6.1
The Mortal Instruments: City of BonesÂ ,130,31165421,Fantasy|Horror|Mystery|Romance,USA,PG-13,60000000,2013,6
The Neon DemonÂ ,118,1330827,Horror|Thriller,France,R,7000000,2016,7
The November ManÂ ,108,24984868,Action|Crime|Thriller,USA,R,15000000,2014,6.3
The Nut JobÂ ,85,64238770,Adventure|Animation|Comedy|Family,Canada,PG,42000000,2014,5.8
The Opposite SexÂ ,97,,Comedy,USA,,3300000,2014,4.5
The Other WomanÂ ,109,83906114,Comedy|Romance,USA,PG-13,40000000,2014,6
The Outrageous Sophie TuckerÂ ,96,,Documentary,USA,,500000,2014,7.2
The Past is a Grotesque AnimalÂ ,77,,Biography|Documentary|Music,USA,Unrated,100000,2014,7.6
The Peanuts MovieÂ ,88,130174897,Adventure|Animation|Comedy|Family,USA,G,99000000,2015,7.2
The Perfect MatchÂ ,96,9658370,Comedy|Romance,USA,R,5000000,2016,4.5
The Perfect WaveÂ ,94,,Adventure|Biography|Drama|Romance,South Africa,PG,4000000,2014,4.7
The PrinceÂ ,93,,Action|Thriller,USA,R,18000000,2014,4.6
The Purge: AnarchyÂ ,103,71519230,Action|Horror|Sci-Fi|Thriller,USA,R,9000000,2014,6.5
The Purge: Election YearÂ ,109,78845130,Action|Horror|Sci-Fi|Thriller,France,R,10000000,2016,6.1
The PurgeÂ ,85,64423650,Horror|Sci-Fi|Thriller,USA,R,3000000,2013,5.7
The Railway ManÂ ,116,4435083,Biography|Drama|Romance|War,Australia,R,18000000,2013,7.1
The RevenantÂ ,156,183635922,Adventure|Drama|Thriller|Western,USA,R,135000000,2015,8.1
The Ridiculous 6Â ,119,,Comedy|Western,USA,TV-14,,2015,4.9
The Rise of the KraysÂ ,110,,Crime|Drama,UK,R,2500000,2015,5
The Scorch TrialsÂ ,132,81687587,Action|Sci-Fi|Thriller,USA,PG-13,61000000,2015,6.4
The Second Best Exotic Marigold HotelÂ ,122,33071558,Comedy|Drama,UK,PG,10000000,2015,6.6
The Second MotherÂ ,112,375723,Comedy|Drama,Brazil,R,4000000,2015,7.9
The Secret Life of PetsÂ ,87,323505540,Animation|Comedy|Family,Japan,PG,75000000,2016,6.8
The Secret Life of Walter MittyÂ ,114,58229120,Adventure|Comedy|Drama|Fantasy|Romance,USA,PG,90000000,2013,7.3
The ShallowsÂ ,86,54257433,Drama|Horror|Thriller,USA,PG-13,17000000,2016,6.8
The SignalÂ ,97,,Sci-Fi|Thriller,USA,PG-13,4000000,2014,6.1
The Sisterhood of NightÂ ,104,,Drama|Mystery|Thriller,USA,PG-13,1000000,2014,6.3
The Skeleton TwinsÂ ,93,5283379,Comedy|Drama,USA,R,,2014,6.8
The SleepwalkerÂ ,91,,Drama,Norway,Not Rated,1100000,2014,4.9
The Smurfs 2Â ,105,71017784,Adventure|Animation|Comedy|Family|Fantasy,USA,PG,105000000,2013,5.4
The Sound and the ShadowÂ ,90,,Comedy|Mystery|Thriller,USA,R,,2014,8.3
The Spectacular NowÂ ,95,6851969,Comedy|Drama|Romance,USA,R,2500000,2013,7.1
The SpongeBob Movie: Sponge Out of WaterÂ ,92,162495848,Adventure|Animation|Comedy|Family|Fantasy,USA,PG,74000000,2015,6
The SquareÂ ,108,,Documentary|Drama|History|News,Egypt,Not Rated,1500000,2013,8.1
The Theory of EverythingÂ ,123,35887263,Biography|Drama|Romance,UK,PG-13,15000000,2014,7.7
The TimberÂ ,81,,Adventure|Drama|Western,USA,,2100000,2015,5.5
The To Do ListÂ ,104,3447339,Comedy|Romance,USA,R,1500000,2013,5.8
The Transporter RefueledÂ ,96,16027866,Action|Crime|Thriller,France,PG-13,25000000,2015,5.1
The Vatican ExorcismsÂ ,76,,Horror,Italy,R,1100000,2013,2.6
The Vatican TapesÂ ,91,1712111,Horror|Thriller,USA,PG-13,8495000,2015,4.5
The VeilÂ ,93,,Horror,USA,R,4000000,2016,4.7
The VisitÂ ,94,65069140,Horror|Thriller,USA,PG-13,5000000,2015,6.2
The WailingÂ ,156,770629,Fantasy|Horror|Mystery|Thriller,South Korea,Not Rated,,2016,7.7
The WalkÂ ,123,10137502,Adventure|Biography|Drama|Thriller,USA,PG,35000000,2015,7.4
The Walking DeceasedÂ ,88,,Comedy|Horror,USA,R,1250000,2015,3.4
The Water DivinerÂ ,111,4190530,Drama|War,Australia,R,22500000,2014,7.1
The Way Way BackÂ ,103,21501098,Comedy|Drama,USA,PG-13,5000000,2013,7.4
The Wicked WithinÂ ,84,,Horror,USA,R,1200000,2015,4.6
The WitchÂ ,92,25138292,Horror|Mystery,USA,R,3500000,2015,6.8
The Wolf of Wall StreetÂ ,240,116866727,Biography|Comedy|Crime|Drama,USA,R,100000000,2013,8.2
The WolverineÂ ,138,132550960,Action|Adventure|Sci-Fi|Thriller,USA,PG-13,120000000,2013,6.7
The World Is MineÂ ,104,,Drama,Romania,,168000,2015,6.5
The World's EndÂ ,109,26003149,Action|Comedy|Sci-Fi,UK,R,20000000,2013,7
The Young and Prodigious T.S. SpivetÂ ,105,99462,Action|Adventure|Drama|Family,France,PG,33000000,2013,7.1
The Young MessiahÂ ,111,6462576,Drama,USA,PG-13,18500000,2016,5.4
They Came TogetherÂ ,83,,Comedy,USA,R,,2014,5.5
They Will Have to Kill Us FirstÂ ,105,,Documentary,UK,,400000,2015,7.7
Think Like a Man TooÂ ,106,65182182,Comedy|Romance,USA,PG-13,24000000,2014,5.7
This Is Martin BonnerÂ ,83,,Drama,USA,R,42000,2013,6.6
This Is the EndÂ ,107,101470202,Comedy|Fantasy,USA,R,32000000,2013,6.7
This Is Where I Leave YouÂ ,103,34290142,Comedy|Drama,USA,R,19800000,2014,6.6
Thor: The Dark WorldÂ ,112,206360018,Action|Adventure|Fantasy,USA,PG-13,170000000,2013,7.1
Thunder and the House of MagicÂ ,85,4091,Adventure|Animation|Comedy|Family|Fantasy,Belgium,,34000000,2013,6.3
Tiger OrangeÂ ,75,,Drama,USA,Unrated,100000,2014,6.8
Time to ChooseÂ ,100,29233,Documentary,USA,,3500000,2015,7
"To Be Frank, Sinatra at 100Â ",81,,Documentary,UK,,2000000,2015,7.4
TomorrowlandÂ ,130,93417865,Action|Adventure|Family|Mystery|Sci-Fi,USA,PG,190000000,2015,6.5
Top Cat BeginsÂ ,89,,Animation|Family,Mexico,PG,8000000,2015,4.4
Top FiveÂ ,102,25277561,Comedy|Romance,USA,R,12000000,2014,6.5
Top SpinÂ ,80,5858,Documentary,USA,,150000,2014,7.1
TrainwreckÂ ,129,110008260,Comedy|Romance,Japan,R,35000000,2015,6.3
TranceÂ ,101,2319187,Crime|Drama|Mystery|Thriller,UK,R,20000000,2013,7
TranceÂ ,101,2319187,Crime|Drama|Mystery|Thriller,UK,R,20000000,2013,7
TranscendenceÂ ,119,23014504,Drama|Mystery|Romance|Sci-Fi|Thriller,UK,PG-13,100000000,2014,6.3
Transformers: Age of ExtinctionÂ ,165,245428137,Action|Adventure|Sci-Fi,USA,PG-13,210000000,2014,5.7
TrashÂ ,114,10230,Adventure|Crime|Drama|Mystery|Thriller,UK,R,,2014,7.2
TreacheryÂ ,67,,Drama|Thriller,USA,,625000,2013,3.9
Treading WaterÂ ,92,,Comedy|Drama,Mexico,,4700000,2013,6.2
Triple 9Â ,115,12626905,Action|Crime|Drama|Thriller,USA,R,20000000,2016,6.3
TurboÂ ,96,83024900,Adventure|Animation|Comedy|Family|Sport,USA,PG,135000000,2013,6.5
TuskÂ ,102,1821983,Comedy|Drama|Horror,USA,R,3000000,2014,5.4
Two Lovers and a BearÂ ,96,,Drama|Romance,Canada,,8700000,2016,7.2
UnbrokenÂ ,137,115603980,Biography|Drama|Sport|War,USA,PG-13,65000000,2014,7.2
UnbrokenÂ ,137,115603980,Biography|Drama|Sport|War,USA,PG-13,65000000,2014,7.2
Under the SkinÂ ,108,2605039,Drama|Horror|Sci-Fi|Thriller,UK,R,,2013,6.3
UnderdogsÂ ,106,,Adventure|Animation|Family|Sport,Spain,PG,22000000,2013,6.7
UnDividedÂ ,66,,Documentary,USA,PG,250000,2013,7.8
Unfinished BusinessÂ ,91,10214013,Comedy,USA,R,35000000,2015,5.4
UnfriendedÂ ,83,31537320,Horror|Mystery|Thriller,USA,R,1000000,2014,5.7
United PassionsÂ ,110,,Drama|History|Sport,France,Not Rated,24000000,2014,2
UnnaturalÂ ,89,,Action|Horror|Thriller,USA,R,3000000,2015,4
UnsulliedÂ ,93,,Action|Horror|Thriller,USA,R,1500000,2014,5.5
VaaluÂ ,155,,Comedy|Romance,India,,150000000,2015,5.1
VacationÂ ,99,58879132,Adventure|Comedy,USA,R,31000000,2015,6.1
Victor FrankensteinÂ ,110,5773519,Drama|Horror|Sci-Fi|Thriller,USA,PG-13,40000000,2015,6
Victor FrankensteinÂ ,110,5773519,Drama|Horror|Sci-Fi|Thriller,USA,PG-13,40000000,2015,6
Victor FrankensteinÂ ,110,5773519,Drama|Horror|Sci-Fi|Thriller,USA,PG-13,40000000,2015,6
ViyÂ ,107,,Adventure|Fantasy|Mystery|Thriller,Russia,,26000000,2014,5.4
Walking with Dinosaurs 3DÂ ,87,36073232,Adventure|Animation|Family,USA,PG,80000000,2013,5.2
WalterÂ ,94,,Comedy|Drama,USA,,700000,2015,5.3
WarcraftÂ ,123,46978995,Action|Adventure|Fantasy,USA,PG-13,160000000,2016,7.3
Warm BodiesÂ ,98,66359959,Comedy|Horror|Romance,USA,PG-13,35000000,2013,6.9
Water & PowerÂ ,88,79043,Crime|Drama,USA,Not Rated,,2013,6.3
We Are Your FriendsÂ ,96,3590010,Drama|Music|Romance,UK,R,2000000,2015,6.1
We're the MillersÂ ,118,150368971,Comedy|Crime,USA,R,37000000,2013,7
Western ReligionÂ ,105,,Adventure|Drama|Fantasy|Thriller|Western,USA,,250000,2015,4
When the Game Stands TallÂ ,115,30127963,Drama|Family|Sport,USA,PG,15000000,2014,6.7
While We're YoungÂ ,97,7574066,Comedy|Drama,USA,R,10000000,2014,6.3
WhiplashÂ ,107,13092000,Drama|Music,USA,R,3300000,2014,8.5
White House DownÂ ,131,73103784,Action|Drama|Thriller,USA,PG-13,150000000,2013,6.4
Wicked BloodÂ ,92,,Action|Crime|Drama|Thriller,USA,Not Rated,3500000,2014,5.4
Wild CardÂ ,92,,Action|Crime|Drama|Thriller,USA,R,30000000,2015,5.6
WildÂ ,115,37877959,Adventure|Biography|Drama,USA,R,15000000,2014,7.1
Wind WalkersÂ ,93,,Action|Horror|Thriller,USA,R,2000000,2015,3.6
Windsor DriveÂ ,90,,Mystery|Thriller,USA,,100000,2015,3.2
Winter's TaleÂ ,118,22451,Drama|Fantasy|Mystery|Romance,USA,PG-13,60000000,2014,6.2
Wish I Was HereÂ ,106,3588432,Comedy|Drama,USA,R,6000000,2014,6.7
WolvesÂ ,91,,Action|Horror,France,R,18000000,2014,5.3
Woman in GoldÂ ,109,33305037,Biography|Drama|History,UK,PG-13,11000000,2015,7.3
World War ZÂ ,123,202351611,Action|Adventure|Horror|Sci-Fi|Thriller,USA,PG-13,190000000,2013,7
Xi you ji zhi: Sun Wukong san da Baigu JingÂ ,119,,Action|Adventure|Fantasy,China,,68005000,2016,6
X-Men: ApocalypseÂ ,144,154985087,Action|Adventure|Sci-Fi,USA,PG-13,178000000,2016,7.3
X-Men: Days of Future PastÂ ,149,233914986,Action|Adventure|Fantasy|Sci-Fi|Thriller,USA,PG-13,200000000,2014,8
Yeh Jawaani Hai DeewaniÂ ,160,3827466,Comedy|Drama|Musical|Romance,India,Not Rated,,2013,6.9
Yoga HosersÂ ,88,,Comedy|Fantasy|Horror|Thriller,USA,PG-13,5000000,2016,4.8
Z StormÂ ,92,,Action|Crime,Hong Kong,,7000000,2014,5.3
ZipperÂ ,103,,Drama|Thriller,USA,R,4500000,2015,5.7
Zombie HunterÂ ,93,,Action|Comedy|Horror,USA,Not Rated,1000000,2013,3.5
Zoolander 2Â ,102,28837115,Comedy,USA,PG-13,50000000,2016,4.8
ZuluÂ ,110,,Crime|Drama|Thriller,France,R,16000000,2013,6.7
